id,name,node,time,maxRSS
4259056,ccsd2_jax_6,loginNode,00:00:46,actually (unable to replicate :( )
4364413,ccsd2_jax_6,frontier01098,00:02:28,,
4380730,ccsd2_jax_6,frontier09444,00:02:03,,
4380828,ccsd2_jax_7_platform,frontier06230,00:22:11,6179352K
4380885,ccsd2_jax_7,frontier06534,00:18:06,
4380884,ccsd2_jax_8,frontier00894,00:00:42,
4380952,ccsd2_jax_7,frontier06644,00:00:38,
4380954,ccsd2_jax_7,frontier08958,00:00:37,
4380896,ccsd2_jax_8,frontier10397,00:45:58,
4380959,ccsd2_jax_7,frontier08724,00:00:35,
4381431,ccsd2_jax_8,frontier03195,00:02:14,
4382718,ccsd2_jax_8,frontier05697,00:01:11,
4382779,ccsd2_jax_8,frontier03323,00:01:19,
4382794,ccsd2_jax_8,frontier03455,00:01:24,
4382801,ccsd2_jax_8,frontier06014,00:00:32,
4382815,ccsd2_jax_8,frontier06014,00:00:33,
4383001,shard_ccsd2_7,frontier07308,00:00:03,
4383071,shard_ccsd2_7,frontier05926,00:00:03,
4383144,shard_ccsd2_7,frontier03111,00:00:04,
4383337,shard_ccsd2_7,frontier08981,00:01:12,
4383356,shard_ccsd2_6,frontier09444,00:01:07,
4383361,shard_ccsd2_6,frontier09444,00:01:06,
4383375,shard_ccsd2_6,frontier09193,00:01:06,
4383482,shard_ccsd2_6,frontier09057,00:01:07,
4383541,shard_ccsd2_6,frontier08213,00:01:09,
4383559,shard_ccsd2_7,frontier02968,00:01:08,
4383601,shard_ccsd2_8,frontier03451,00:01:12,
4383613,shard_ccsd2_8,frontier06900,00:01:13,
4383945,shard_ccsd2_8,frontier06829,00:01:14,
4383967,shard_ccsd2_8,frontier05806,00:00:36,
4384340,shard_ccsd2_8,frontier06001,00:01:19,
4384355,shard_ccsd2_8,frontier03064,00:01:14,
4384392,shard_ccsd2_8,frontier03064,00:01:14,
4384406,shard_ccsd2_6,frontier03035,00:01:07,
4384410,shard_ccsd2_8,frontier[07037,07039],00:01:12,
4384423,shard_ccsd2_6,frontier08437,00:01:11,
4384459,shard_ccsd2_6,frontier08825,00:01:12,
4384479,shard_ccsd2_6,frontier08537,00:01:11,
4384524,shard_ccsd2_6,frontier08803,00:00:32,
4384534,shard_ccsd2_6,frontier08803,00:00:37,
4384557,shard_ccsd2_6,frontier08804,00:00:35,
4384566,shard_ccsd2_6,frontier03270,00:00:36,
4384572,shard_ccsd2_6,frontier07534,00:00:37,
4384876,shard_ccsd2_6,frontier08890,00:01:11,
4385226,shard_ccsd2_6,frontier04477,00:01:18,
4385327,shard_ccsd2_6,frontier08700,00:01:08,
4385382,shard_ccsd2_6,frontier02992,00:01:06,
4385617,shard_ccsd2_8,frontier[09465,09468],00:03:52,
4385624,shard_ccsd2_8,frontier08290,00:01:16,
4385749,shard_ccsd2_8,frontier08395,00:00:47,
4385807,shard_ccsd2_8,frontier00460,00:00:51,
4385882,shard_ccsd2_8,frontier00198,00:01:09,
4385891,shard_ccsd2_8,frontier[00332-00333],00:03:03,
4392459,shard_ccsd2_6_2n8d,frontier[04261,04272],00:02:24,
4392606,shard_ccsd2_8_4n8d,frontier[04866,04871-04872,04892],00:00:47,
4392689,shard_ccsd2_8_2n8d,frontier[04872,04892],00:03:26,
4392786,shard_ccsd2_8_6n8d,frontier[00949,00952-00953,00957-00958,00960],00:01:09,
4392793,shard_ccsd2_10_6n8d,frontier[00898,00918,00933,00938,00946-00947],00:00:38,
4392825,shard_ccsd2_8_2n8d,frontier[09353-09354],00:00:49,
4393071,shard_ccsd2_6_2n8d,frontier[09406,09411],00:01:26,
4393195,shard_ccsd2_8_2n8d,frontier[00899,00941],00:01:42,
4393262,shard_ccsd2_8_2n8d,frontier[04393-04394],00:00:26,
4393306,shard_ccsd2_8_2n8d,frontier[02491,02494],00:00:28,
4393320,shard_ccsd2_8_2n8d,frontier[00315-00316],00:01:18,
4393326,shard_ccsd2_8_2n8d,frontier[02099-02100],00:00:52,
4393372,shard_ccsd2_8_2n8d,frontier[01183,01187],00:03:36,
4393409,shard_ccsd2_8_2n8d,frontier[01181,01183],00:01:20,
4396094,shard_ccsd2_6_2n8d,frontier[00464,00469],00:00:23,
4396700,shard_ccsd2_8_2n8d,frontier[09453,09459],00:00:47,
4396727,shard_ccsd2_8_2n8d,frontier[09413,09453],00:01:42,
4396743,shard_ccsd2_8_2n8d,frontier[07905,07911],00:03:08,
4396778,shard_ccsd2_8_2n8d,frontier[07905,07910],00:03:09,
4396939,shard_ccsd2_8_2n8d,frontier[04939,04942],00:02:04,
4396953,shard_ccsd2_6_1n8d,frontier05494,00:01:23,
4396976,shard_ccsd2_8_2n8d,frontier[08505,08631],00:00:48,
4396993,shard_ccsd2_8_2n8d,frontier[03780,05056],00:02:07,
4397011,shard_ccsd2_8_2n8d,frontier[05489,07895],00:07:44,
4397210,shard_ccsd2_8_1n8d,frontier06853,00:01:27,
4397216,shard_ccsd2_8_1n8d,frontier00577,00:01:05,
4397267,shard_ccsd2_7_2n6d,frontier[06493-06494],00:01:20,
4397068,shard_ccsd2_8_1n8d,frontier03904,00:01:05,
4397208,shard_ccsd2_8_1n8d,frontier03957,00:01:05,
4397276,shard_ccsd2_7_2n6d,frontier[05247-05248],00:05:53,
4397302,shard_ccsd2_7_2n6d,frontier[02420-02421],00:05:56,
4397304,shard_ccsd2_8_2n8d,frontier[02941,02943],00:07:47,
4397586,ccsd2_8_2n8d,frontier[03456,05375],00:07:14,
4397069,shard_ccsd2_10_6n8d,frontier[05075-05076,05080-05083],00:00:56,
4397871,ccsd2_8_2n8d,frontier[00496,01394],00:06:49,
4397981,ccsd2_7_2n6d,frontier[09410-09411],00:01:44,
4398010,ccsd2_8_2n8d,frontier[10135,10151],00:02:07,
4398045,ccsd2_7_2n6d,frontier[09151,09166],00:06:28,
4398612,ccsd2_7_2n6d,frontier[07938,07958],00:06:51,
4403808,ccsd2_8_2n8d,frontier[03564,03571],00:07:16,
4403837,ccsd2_8_2n8d,frontier[01177,01179],00:06:56,
4404182,ccsd2_8_2n8d_platform,frontier[01940-01941],00:01:49,
4404181,ccsd2_8_2n8d_default,frontier[01806,01813],00:06:50,
4404230,ccsd2_10_2n8d_platform,frontier[09057,09062],00:03:33,
4404228,ccsd2_8_2n8d_platform,frontier[02904,02906],00:07:00,
4404376,ccsd2_10_2n8d_platform,frontier[06913-06914],00:03:38,
4420405,ccsd2_10_2n8d_platform,frontier[07350,07405],00:03:41,
4420766,ccsd2_10_2n8d_platform,frontier[02827,02836],00:03:33,
4420859,ccsd2_8_2n8d_platform,frontier[03486,03491],00:01:50,
4420960,ccsd2_10_2n8d,frontier[01580-01581],00:01:27,
4420927,ccsd2_8_2n8d,frontier[03486,03491],00:09:13,
4421217,ccsd2_10_2n8d,frontier[03761-03762],00:01:26,
4421231,ccsd2_10_2n8d_platform,frontier[03264,03266],00:01:14,
4421218,ccsd2_8_2n8d,frontier[03387-03388],00:08:39,
4421514,ccsd2_10_2n8d_platform,frontier[03218,03228],00:03:57,
4421639,ccsd2_10_2n8d,frontier[03201-03202],00:00:10,
4421733,ccsd2_10_2n8d,frontier[03201-03202],00:00:09,
4421750,ccsd2_10_2n8d,frontier[03201-03202],00:01:26,
4421840,ccsd2_10_2n8d,frontier[03201-03202],00:01:18,
4421919,ccsd2_10_2n8d,frontier[03201-03202],00:01:18,
4422022,ccsd2_10_2n8d,frontier[03201-03202],00:01:44,
4422074,ccsd2_10_2n8d,frontier[03201-03202],00:01:18,
4422115,ccsd2_10_2n8d,frontier[03201-03202],00:00:09,
4422129,ccsd2_10_2n8d,frontier[08073,08078],00:01:28,
4422191,ccsd2_10_2n8d_platform,frontier[07937-07938],00:03:33,
4422181,ccsd2_8_2n8d,frontier[07686,07691],00:09:40,
4422321,ccsd2_10_2n8d_platform,frontier[07055-07056],00:03:32,
4422329,ccsd2_10_2n8d,frontier[07041-07042],00:01:26,
4422350,ccsd2_10_2n8d,frontier[07495-07496],00:01:04,
4422365,ccsd2_10_2n8d,frontier[03457-03458],00:05:00,
4422367,ccsd2_10_2n8d,frontier[03457-03458],00:04:54,
4422376,ccsd2_10_2n8d,frontier[03457-03458],00:04:41,
4422408,ccsd2_10_2n8d,frontier[07169-07170],00:02:22,
4422411,ccsd2_10_2n8d,frontier[01115-01116],00:02:25,
4422622,ccsd2_10_2n8d,frontier[02313-02314],00:04:03,
4422839,ccsd2_10_2n8d,frontier[09309-09310],00:01:33,
4422908,ccsd2_10_2n8d,frontier[09042-09043],00:04:13,
4423118,ccsd2_10_2n8d,frontier[00026,00086],00:04:26,
4423400,ccsd2_10_2n8d,frontier[02253-02254],00:01:58,
4423407,ccsd2_10_2n8d,frontier[02218,02220],00:02:00,
4423411,ccsd2_10_2n8d,frontier[01871-01872],00:01:59,
4423717,ccsd2_8_2n8d,frontier[08661-08662],00:00:48,
4423902,ccsd2_8_2n8d,frontier[08286-08287],00:00:46,
4423954,ccsd2_8_2n8d,frontier[01946,01999],00:00:46,
4423958,ccsd2_8_2n8d,frontier[08286-08287],00:10:20,
4423436,ccsd2_10_2n8d,frontier[08804,08806],00:44:38,
4424068,ccsd2_8_2n8d,frontier[01880-01881],00:00:09,
4424201,ccsd2_8_2n8d,frontier[08798,08805],00:08:20,
4424405,ccsd2_12_2n8d,frontier[07803-07804],00:00:33,
4424410,ccsd2_10_2n8d,frontier[08775-08776],00:00:31,
4424425,ccsd2_10_2n8d,frontier[08810,08829],00:01:23,
4424439,ccsd2_10_2n8d,frontier[09060-09061],00:01:24,
4424444,ccsd2_10_2n8d,frontier[09060-09061],00:01:21,
4424454,ccsd2_10_2n8d,frontier[00976-00977],00:01:22,
4424462,ccsd2_10_2n8d_t2jit,frontier[08577-08578],00:00:09,
4424464,ccsd2_10_2n8d_t2jit,frontier[08581-08582],00:01:22,
4424475,ccsd2_10_2n8d_t2jit,frontier[00001-00002],00:01:23,
4424515,ccsd2_10_2n8d_t2jit,frontier[08961,08963],00:00:09,
4424519,ccsd2_10_2n8d_t2jit,frontier[09089-09090],00:01:16,
4424521,ccsd2_10_2n8d_t2jit,frontier[09091,09110],00:01:23,
4424455,ccsd2_10_2n8d,frontier[00909,00917],00:44:26,
4424779,ccsd2_6_1n4d,frontier06605,00:01:24,
4424778,ccsd2_7_1n4d,frontier06604,00:02:50,
4424791,ccsd2_8_1n4d,frontier05543,00:04:52,
4424892,ccsd2_10_1n4d,frontier06094,00:01:25,
4425561,ccsd2_10_2n8d_diis4,frontier[09315,09319],00:38:46,
4426129,ccsd2_10_2n8d_diis4,frontier[09465,09470],00:01:23,
4426841,ccsd2_6_1n4d,frontier08584,00:01:16,
4426903,ccsd2_12_2n8d,frontier[08584,08605],00:02:17,
4426929,ccsd2_12_2n8d,frontier[07263,07265],00:00:56,
4427057,ccsd2_12_2n8d,frontier[08158,08160],00:00:53,
4427058,ccsd2_12_2n8d,frontier[09186-09187],00:00:49,
4427060,ccsd2_12_2n8d,frontier[09186-09187],00:01:14,
4427090,ccsd2_12_2n8d,frontier[03952,03957],00:01:15,
4427111,ccsd2_12_2n8d,frontier[07934-07935],00:01:00,
4427114,ccsd2_12_2n8d,frontier[07934-07935],00:01:07,
4427123,ccsd2_12_2n8d,frontier[07933-07934],00:01:16,
4427202,ccsd2_12_2n8d,frontier[03824,03830],00:01:00,
4427204,ccsd2_12_2n8d,frontier[02799,02804],00:01:09,
4427231,ccsd2_12_2n8d,frontier[03569-03570],00:01:12,
4427235,ccsd2_12_2n8d,frontier[06006-06007],00:01:12,
4427241,ccsd2_12_2n8d,frontier[03824,03827],00:00:57,
4427244,ccsd2_12_2n8d,frontier[06519-06520],00:00:56,
4427249,ccsd2_12_2n8d,frontier[04083-04084],00:00:58,
4427260,ccsd2_12_2n8d,frontier[09204,09211],00:01:13,
4427272,ccsd2_12_2n8d,frontier[09204,09212],00:01:08,
4427290,ccsd2_12_2n8d,frontier[09204,09214],00:00:57,
4427295,ccsd2_12_2n8d,frontier[09204,09214],00:01:14,
4427307,ccsd2_12_2n8d,frontier[00068,00070],00:01:09,
4427360,ccsd2_12_2n8d,frontier[00068,00070],00:01:11,
4427387,ccsd2_12_2n8d,frontier[01103-01104],00:01:10,
4427418,ccsd2_12_2n8d,frontier[07800-07801],00:00:59,
4432168,ccsd2_10_2n8d_diis10,frontier[00402-00403],00:00:40,
4432182,ccsd2_10_2n8d_diis10,frontier[01936,01938],00:08:21,
4432202,ccsd2_10_2n8d_diis6,frontier[00631,00636],00:33:39,
4432521,ccsd2_8_1n4d,frontier00262,00:05:08,
4432583,ccsd2_8_1n4d_diis10,frontier05528,00:01:53,
4432584,ccsd2_8_1n4d_diis8,frontier05789,00:01:58,
4432657,ccsd2_10_1n4d_diis7,frontier[05943-05944],00:08:14,
4432658,ccsd2_10_1n4d_diis8,frontier[06047,06067],00:08:19,
4434649,ccsd2_6_1n4d,frontier02137,00:01:38,
4434714,ccsd2_10_2n8d_diis7,frontier[02111,02114],00:01:22,
4435672,ccsd2_8_1n4d,frontier07436,00:00:31,
4435761,ccsd2_8_1n4d,frontier05763,00:00:30,
4435815,ccsd2_8_1n4d,frontier05764,00:00:28,
4435869,ccsd2_8_1n4d,frontier04744,00:00:29,
4435887,ccsd2_8_1n4d,frontier05509,00:00:30,
4436432,ccsd2_8_1n4d,frontier09451,00:00:29,
4436832,ccsd2_6_1n4d,frontier08235,00:01:19,
4436835,ccsd2_7_1n4d,frontier07184,00:00:53,
4436834,ccsd2_7_1n4d,frontier07183,00:01:16,
4436836,ccsd2_8_1n4d,frontier08511,00:00:44,
4436849,ccsd2_8_1n4d,frontier08511,00:01:36,
4436861,ccsd2_8_1n4d,frontier08235,00:01:07,
4437338,ccsd2_8_1n4d,frontier05896,00:02:06,
4437358,ccsd2_8_1n4d,frontier05385,00:00:44,
4437385,ccsd2_7_1n4d,frontier05385,00:03:18,
4437440,ccsd2_7_1n4d,frontier05512,00:00:33,
4437466,ccsd2_7_1n4d,frontier05512,00:01:31,
4440473,ccsd2_8_1n4d,frontier03692,00:02:16,
4442716,ccsd2_7_1n4d,frontier00877,00:02:29,
4442750,ccsd2_8_1n4d,frontier01220,00:02:32,
4442797,ccsd2_8_1n4d,frontier07461,00:02:08,
4442825,ccsd2_8_1n4d,frontier07461,00:02:26,
4458969,ccsd2_8_1n4d,frontier02195,00:02:50,
4458977,ccsd2_8_1n4d,frontier02192,00:00:04,
4458986,ccsd2_8_1n4d,frontier02192,00:02:08,
4459023,ccsd2_8_1n4d,frontier02234,00:00:03,
4459026,ccsd2_8_1n4d,frontier02234,00:05:07,
4459412,ccsd2_8_1n4d,frontier02011,00:02:10,
4459477,ccsd2_8_1n4d,frontier02167,00:01:26,
4459483,ccsd2_8_1n4d,frontier08507,00:01:27,
4459499,ccsd2_8_1n4d,frontier02021,00:03:42,
4459513,ccsd2_8_1n4d,frontier02022,00:04:54,
4459772,ccsd2_8_1n4d,frontier02117,00:05:06,
4459527,ccsd2_10_2n8d,frontier[08388,08435],00:38:29,
4460456,ccsd2_8_1n4d,frontier04607,00:04:27,
4460464,ccsd2_8_1n4d,frontier04729,00:04:53,
4460454,ccsd2_10_2n8d,frontier[08703,08832],00:02:08,
4460632,ccsd2_10_2n8d,frontier[08704,08829],00:38:35,
4467736,ccsd2_10_2n8d,frontier[06749,09018],00:00:12,
4467756,ccsd2_10_2n8d,frontier[09321-09322],00:00:11,
4467790,ccsd2_10_2n8d,frontier[01300-01301],00:05:17,
4467797,ccsd2_10_2n8d,frontier[01300-01301],00:01:35,
4468502,ccsd2_8_1n4d,frontier01855,00:05:04,
4468586,ccsd2_8_1n4d,frontier08867,00:04:59,
4468616,ccsd2_10_2n8d,frontier[09309,09319],00:05:59,
4472783,ccsd2_12_2n8d,frontier[03881-03882],00:00:03,
4474919,ccsd2_12_2n8d,frontier[01717,01722],00:01:06,
4474945,ccsd2_12_2n8d,frontier[08051-08052],00:00:28,
4474965,ccsd2_12_2n8d,frontier[08654,08670],00:00:37,
4475009,ccsd2_12_2n8d,frontier[00631,02136],00:02:26,
4477276,ccsd2_12_2n8d,frontier[06405-06406],00:02:59,
4477287,ccsd2_12_2n8d,frontier[06405-06406],00:02:07,
4477294,ccsd2_12_2n8d,frontier[06405-06406],00:02:09,
4477400,ccsd2_12_2n8d,frontier[06405-06406],00:02:23,
4477508,ccsd2_12_2n8d,frontier[06405-06406],00:02:32,
4477533,ccsd2_12_2n8d,frontier[06405-06406],00:02:48,
4477649,ccsd2_10_2n8d,frontier[09023,09033],00:02:04,
4486313,ccsd2_8_1n4d,frontier04013,00:01:13,
4486425,ccsd2_8_1n1d,frontier05624,00:00:49,
4487076,ccsd2_8_1n4d,frontier02559,00:01:27,
4488881,ccsd2_6_1n4d,frontier03747,00:01:17,
4489058,ccsd2_7_1n4d,frontier05077,00:02:16,
4489175,ccsd2_8_1n4d,frontier03488,00:01:06,
4489558,ccsd2_8_1n4d,frontier04852,00:01:12,
4489860,ccsd2_8_1n4d,frontier04522,00:01:10,
4489878,ccsd2_8_1n4d,frontier01719,00:01:08,
4490646,ccsd2_8_1n4d,frontier01067,00:01:06,
4491530,ccsd2_8_1n4d,frontier08801,00:01:12,
4491898,ccsd2_8_1n4d,frontier00625,00:01:17,
4491930,ccsd2_8_1n4d,frontier00625,00:01:49,
4492018,ccsd2_8_1n4d,frontier01010,00:01:10,
4492025,ccsd2_8_1n4d,frontier01084,00:01:03,
4587939,he4gs_6_1n1d,frontier03649,00:01:15,
4587940,he4gs_7_1n1d,frontier01737,00:01:31,
4587941,he4gs_8_1n1d,frontier03518,00:02:08,
4587950,he4gs_10_1n4d,frontier01811,00:01:53,
4587944,he4gs_10_1n1d,frontier05176,00:05:22,
4587951,he4gs_12_1n4d,frontier01812,00:05:55,
4588050,he4gs_4_1n1d,frontier04291,00:01:13,
4588644,he4gs_12_1n1d,frontier00085,00:00:52,
4588686,he4gs_5_1n1d,frontier08618,00:00:56,
4588729,li6gs_4_1n1d,frontier05712,00:01:23,
4588809,li6gs_5_1n1d_diis0,frontier08437,00:00:45,
4588808,li6gs_4_1n1d_diis0,frontier05712,00:01:30,
4588826,li6gs_10_1n1d_diis0,frontier07680,00:00:41,
4588820,li6gs_6_1n1d_diis0,frontier06784,00:01:38,
4588824,li6gs_7_1n1d_diis0,frontier07422,00:03:21,
4588825,li6gs_8_1n1d_diis0,frontier07679,00:07:28,
4588848,be8gs_8_1n1d_diis0,frontier00855,00:04:14,
4588893,be8gs_8_1n4d_diis0,frontier00265,00:04:15,
4588918,be8gs_8_1n4d_diis0,frontier01790,00:05:09,
4589023,be8gs_8_1n4d_diis2,frontier09005,00:04:25,
4589082,be8gs_10_1n4d_diis0,frontier01905,00:16:14,
4589307,be8gs_10_1n4d_diis2,frontier09180,00:04:21,
4589378,be8gs_12_1n4d_diis0,frontier07029,00:01:29,
4589908,c12gs_4_1n1d,frontier02426,00:01:26,
4589913,c12gs_8_1n1d,frontier05842,00:00:37,
4589909,c12gs_5_1n1d,frontier06974,00:01:34,
4589910,c12gs_6_1n1d,frontier07029,00:02:10,
4589912,c12gs_7_1n1d,frontier05745,00:03:11,
4589949,c12gs_8_1n4d,frontier06974,00:03:09,
4589966,c12gs_10_1n4d,frontier06141,00:01:15,
4589967,c12gs_10_1n4d_diis2,frontier08441,00:01:14,
4590007,ne20gs_5_1n1d,frontier06121,00:01:11,
4590011,ne20gs_5_1n1d,frontier06982,00:03:19,
4590018,ne20gs_8_1n4d,frontier06854,00:01:24,
4590017,ne20gs_7_1n1d,frontier06121,00:01:35,
4590022,ne20gs_9_1n4d,frontier09115,00:01:25,
4590066,ne20gs_4_1n4d,frontier03744,00:01:11,
4590069,ne20gs_4_1n1d,frontier09213,00:01:30,
4590072,ne20gs_6_1n1d,frontier03831,00:03:19,
4590120,ne20gs_5_1n1d,frontier03831,00:01:52,
4590560,ne20gs_7_1n1d,frontier05939,00:00:40,
4590596,ne20gs_7_1n4d,frontier03518,00:08:19,
4590701,c12gs_9_1n4d,frontier01675,00:01:37,
4590767,c12gs_5_1n1d,frontier06971,00:00:43,
4590770,c12gs_6_1n1d,frontier06817,00:01:47,
4590877,he3gs_10_1n4d_diis10,frontier01236,00:01:23,
4590878,he3gs_12_1n4d_diis10,frontier01237,00:01:25,
4590916,he3gs_12_1n1d,frontier01236,00:01:00,
4590924,he3gs_14_1n4d,frontier09413,00:00:30,
4590925,he3gs_15_1n4d,frontier01236,00:01:30,
4590939,he3gs_14_1n1d,frontier09413,00:01:55,
4590940,he3gs_15_1n1d,frontier01236,00:01:19,
4590938,he3gs_12_1n1d,frontier01237,00:02:53,
4591688,h2gs_8_1n1d_diis0_iter1000,frontier08305,00:29:45,
4591923,h2gs_8_1n1d_diis0_iter1000,frontier09331,00:30:37,
4598103,li6gs_6_1n1d_diis0_iter1000,frontier09351,00:10:53,
4598196,li6gs_7_1n1d_diis0_iter1000,frontier02270,00:30:57,
4600841,li6gs_8_1n1d_diis0_iter1000,frontier04734,01:25:17,
4742468,ca40gs_6,frontier07418,00:00:05,
4742484,ca40gs_6,frontier00129,00:13:18,
4742549,ca40gs_7_1n4d,frontier06402,00:00:30,
4742552,ca40gs_5_1n4d,frontier05508,00:01:33,
4742568,ca40gs_5_1n4d,frontier00276,00:00:44,
4751459,be8gs_10_1n4d,frontier05241,00:00:16,
4751695,be8gs_10_1n4d,frontier05502,00:00:12,
4757790,c12gs_10_2n8d,frontier[09072-09073],00:00:11,
4757824,c12gs_10_2n8d,frontier[03924-03925],00:00:12,
4757830,c12gs_10_2n8d,frontier[04937,04958],00:00:11,
4757833,c12gs_10_2n8d,frontier[09020-09021],00:00:11,
4757866,ne20gs_8_2n8d,frontier[05602-05603],00:00:31,
4757868,si28gs_8_2n8d,frontier[05857,05860],00:00:31,
4757923,ne20gs_8_2n8d,frontier[05598,05600],00:00:34,
4757935,ne20gs_8_2n8d,frontier[01065-01066],00:01:32,
4758001,he4gs_14_1n4d,frontier04843,00:01:03,
4757992,be8gs_10_1n4d,frontier02020,00:04:13,
4758093,be8gs_7_1n1d,frontier02033,00:01:25,
4758094,be8gs_7_1n4d,frontier02031,00:01:39,
4758156,be8gs_8_1n4d,frontier03286,00:02:02,
4758183,ni78gs_4_1n4d,frontier06133,00:01:39,
4758182,ni48gs_4_1n4d,frontier05115,00:02:27,
4757954,o16gs_10_3n3d,frontier[05885,06002,06129],00:01:02,
4757958,o16gs_10_6n6d,frontier[06908,07033,07161,07291,07417,07545],00:01:03,
4757975,c12gs_10_6n6d,frontier[09198,09329],01:39:26,
4759829,ca40gs_7_2n8d,frontier[06129,06262],00:01:19,
4759830,o16gs_10_2n8d,frontier[08818,09012],00:01:29,
4764402,o16gs_8_1n4d,frontier07270,00:04:52,
4764404,o16gs_8_4n1d,frontier[07649-07652],00:42:16,
4777387,o16gs_4_1n1d,frontier00777,00:00:30,
4777430,o16gs_5_1n1d,frontier00777,00:00:35,
4777431,o16gs_6_1n1d,frontier00785,00:01:43,
4777439,o16gs_7_1n1d,frontier00777,00:02:21,
4777486,o16gs_7_1n1d,frontier00900,00:00:18,
4777516,o16gs_7_1n1d,frontier00006,00:05:20,
4777568,o16gs_8_1n1d,frontier03725,00:00:41,
4781626,o16gs_4_1n1d_jcpu,frontier01650,00:13:24,
4782809,o16gs_5_1n1d_jcpu,frontier08824,01:09:32,
4784818,o16gs_4_1n1d_jcpu,frontier06091,00:13:45,
4784824,o16gs_6_1n1d_jcpu,frontier10496,00:03:24,
4784819,o16gs_5_1n1d_jcpu,frontier04963,01:09:25,
4791026,o16gs_4_cpu,frontier05749,00:29:00,
4811261,o16gs_4_2n8d,frontier[01225-01226],00:00:03,
4811267,o16gs_4_2n8d,frontier[04555-04556],00:01:15,
4811946,o16gs_8_2n8d,frontier[08706,08713],00:00:19,
4813305,o16gs_3_1n1d,frontier04473,00:00:23,
4813310,o16gs_3_1n1d,frontier05973,00:00:27,
4821154,o16gs_6_2n2d,frontier[01616-01617],00:00:07,
4821156,o16gs_6_4n1d,frontier[06468-06471],00:00:08,
4821183,o16gs_6_1n4d,frontier08025,00:01:12,
4821181,o16gs_6_4n1d,frontier[06485-06488],00:07:27,
4821182,o16gs_6_2n2d,frontier[07640-07641],00:16:28,
4821340,o16gs_6_2n2d,frontier[08589-08590],00:15:42,
4822392,o16gs_5_1n4d,frontier03725,00:00:56,
4822400,o16gs_4_1n4d,frontier08246,00:01:03,
4822398,o16gs_4_4n1d,frontier[08123,08130,08133,08179],00:02:37,
4822394,o16gs_5_4n1d,frontier[07569-07572],00:02:51,
4822389,o16gs_5_2n2d,frontier[03182,03186],00:05:12,
4822399,o16gs_4_2n2d,frontier[01841,01847],00:05:12,
4838706,o16gs_4_2n2d,frontier09466,00:01:29,
4838707,o16gs_4_2n2d,frontier[06216,07971],00:06:25,
4838708,o16gs_4_4n1d,frontier[07934,08039,08191,09213],00:04:21,
4838711,o16gs_7_2n2d,frontier[06886,07159],00:04:26,
4838709,o16gs_7_4n1d,frontier[06884,06997,07290,07534],00:04:52,
4862135,o16gs_4_1n4d,frontier09217,00:00:40,
4862211,o16gs_7_4n1d,frontier[08705-08708],00:18:22,
4862702,o16gs_7_2n2d,frontier[09025,09046],00:44:31,
4901045,o16gs_10_2n8d,frontier[00206-00207],00:00:12,
4901817,o16gs_8_2n8d,frontier[00256,04214],00:00:04,
4901932,o16gs_8_1n4d,frontier08569,00:02:03,
4902015,o16gs_8_1n4d,frontier04097,00:00:05,
4902088,o16gs_8_1n4d,frontier03931,00:05:10,
4952681,o16gs_10_2n8d,frontier[09159-09160],00:00:43,
4952695,o16gs_10_2n8d,frontier[09159-09160],00:00:13,
4952707,o16gs_8_1n4d,frontier09033,00:05:57,
4953099,o16gs_8_1n4d,frontier01242,00:00:17,
4953106,o16gs_8_1n4d,frontier01233,00:00:11,
4953112,o16gs_8_1n4d,frontier00425,00:00:13,
4953131,o16gs_10_2n8d,frontier[00603,00605],00:00:12,
4953142,o16gs_10_2n8d,frontier[00603,00605],00:00:12,
4953224,o16gs_8_1n4d,frontier00182,00:00:12,
4953387,o16gs_8_2n8d,frontier[01426,01536],00:00:28,
4953408,o16gs_10_2n8d,frontier[07991,08626],00:04:26,
4953470,o16gs_8_1n4d,frontier07685,00:05:42,
4953489,o16gs_9_1n4d,frontier06388,00:01:26,
4953568,o16gs_10_2n8d,frontier[06272,06392],00:04:35,
4953636,o16gs_10_16n1d,frontier[03631,03750,03871,03995,04123,04273,04395,04537,04781,04911,05041,05177,05305,05684,05821,05944],01:27:57,
4957513,o16gs_10_2n8d,frontier[09458,09461],00:01:47,
4957582,o16gs_10_2n8d,frontier[09448,09453],00:02:01,
4958556,o16gs_10_2n8d,frontier[02890,02901],00:02:09,
4958762,o16gs_10_2n8d,frontier[04994,05014],00:04:09,
4958763,o16gs_10_2n8d,frontier[05719,05722],00:04:36,
4958564,o16gs_10_2n8d,frontier[08452,08478],00:40:31,
4958922,o16gs_10_2n8d,frontier[08067,08072],00:03:55,
4962264,o16gs_10_2n8d,frontier[04855-04856],00:00:09,
4962267,o16gs_10_2n8d,frontier[00057,00059],00:00:08,
4962276,o16gs_8_1n4d,frontier01159,00:00:27,
4964767,o16gs_8_1n4d,frontier09168,00:00:13,
4964775,o16gs_8_1n4d,frontier09090,00:02:06,
4981354,o16gs_6_1n4d,frontier06400,00:13:55,
4988679,o16gs_6_1n4d,frontier09276,00:00:10,
5004458,o16gs_7_1n1d,frontier07317,00:02:01,
5004457,o16gs_6_1n1d,frontier08643,00:12:57,
5005264,o16gs_6_1n4d,frontier00448,00:01:57,
5005312,o16gs_6_1n4d,frontier00453,00:02:06,
5005357,o16gs_9_1n4d,frontier01202,00:01:51,
5005418,o16gs_9_2n8d,frontier[05374,05630],00:07:41,
